SeniorCitizen,tenure,MonthlyCharges,TotalCharges,Churn,gender_Male,Partner_Yes,Dependents_Yes,PhoneService_Yes,MultipleLines_No_phone_service,MultipleLines_Yes,InternetService_Fiber_optic,InternetService_No,OnlineSecurity_No_internet_service,OnlineSecurity_Yes,OnlineBackup_No_internet_service,OnlineBackup_Yes,DeviceProtection_No_internet_service,DeviceProtection_Yes,TechSupport_No_internet_service,TechSupport_Yes,StreamingTV_No_internet_service,StreamingTV_Yes,StreamingMovies_No_internet_service,StreamingMovies_Yes,Contract_One_year,Contract_Two_year,PaperlessBilling_Yes,PaymentMethod_Credit_card_automatic,PaymentMethod_Electronic_check,PaymentMethod_Mailed_check,customerID,Predicted_Churn_Risk,Predicted_CLV
0,40,104.5,4036.85,1,1,0,0,1,0,1,1,0,0,0,0,1,0,1,0,0,0,1,0,1,0,0,1,1,0,0,CUST-16519,1,4480.541471369281
0,22,104.6,2180.55,0,1,1,0,1,0,0,1,0,0,1,0,1,0,0,0,1,0,1,0,1,0,0,1,0,1,0,CUST-83607,1,3369.0726797664925
1,42,104.75,4323.45,1,0,0,0,1,0,1,1,0,0,0,0,1,0,1,0,0,0,1,0,1,0,0,1,0,0,0,CUST-46123,1,4515.4427603018175
0,36,104.8,3886.45,0,0,0,0,1,0,1,1,0,0,0,0,1,0,1,0,0,0,1,0,1,1,0,1,0,0,0,CUST-16362,1,4161.353328392726
1,50,104.95,5222.35,0,0,0,0,1,0,1,1,0,0,0,0,0,0,1,0,1,0,1,0,1,0,0,1,0,1,0,CUST-59205,1,4871.771363504871
1,3,105.0,294.45,1,1,0,0,1,0,1,1,0,0,0,0,1,0,1,0,0,0,1,0,1,0,0,1,0,1,0,CUST-86057,1,2117.165194348273
0,38,105.0,4026.4,1,0,1,0,1,0,1,1,0,0,0,0,0,0,1,0,1,0,1,0,1,0,0,1,0,1,0,CUST-90310,1,4172.394394490059
0,65,105.05,6914.95,0,0,1,0,1,0,1,1,0,0,1,0,0,0,1,0,0,0,1,0,1,0,0,1,0,1,0,CUST-21521,1,5813.869329418239
0,48,105.1,5083.55,0,0,1,0,1,0,1,1,0,0,0,0,1,0,0,0,1,0,1,0,1,0,0,1,1,0,0,CUST-72900,1,4963.517858961543
0,42,105.2,4400.75,1,0,0,0,1,0,1,1,0,0,1,0,0,0,1,0,0,0,1,0,1,0,0,1,0,1,0,CUST-55411,1,4407.501771393583
1,68,105.3,7299.65,1,1,1,0,1,0,1,1,0,0,0,0,1,0,1,0,0,0,1,0,1,0,0,1,0,1,0,CUST-94557,1,6105.590394388499
0,34,105.35,3688.6,0,0,0,1,1,0,0,1,0,0,1,0,1,0,1,0,0,0,1,0,1,0,0,1,0,0,0,CUST-79696,1,4125.765158105296
1,30,105.7,3181.8,0,1,1,0,1,0,1,1,0,0,1,0,1,0,1,0,1,0,1,0,0,0,0,1,0,0,0,CUST-71542,1,4138.116100658347
1,28,105.8,2998.0,0,1,1,0,1,0,1,1,0,0,0,0,1,0,0,0,1,0,1,0,1,0,0,1,0,1,0,CUST-52172,1,3666.762983836128
1,60,105.9,6401.25,0,0,1,0,1,0,1,1,0,0,0,0,1,0,1,0,0,0,1,0,1,0,0,1,0,1,0,CUST-67740,1,5620.030320069258
1,3,105.9,334.65,1,1,1,0,1,0,1,1,0,0,0,0,1,0,1,0,0,0,1,0,1,0,0,1,0,1,0,CUST-94554,1,2160.7064903221267
0,21,106.1,2249.95,1,1,1,0,1,0,1,1,0,0,0,0,0,0,1,0,1,0,1,0,1,0,0,1,0,1,0,CUST-74007,1,3198.6679700287887
0,61,106.2,6375.2,0,1,1,0,1,0,1,1,0,0,1,0,1,0,0,0,0,0,1,0,1,0,0,1,0,1,0,CUST-59738,1,5711.658119688867
0,39,106.4,4040.65,0,1,0,0,1,0,1,1,0,0,1,0,1,0,0,0,0,0,1,0,1,0,0,1,0,1,0,CUST-93024,1,4368.318357441078
0,17,106.65,1672.1,0,1,0,0,1,0,1,1,0,0,1,0,1,0,1,0,1,0,1,0,0,0,0,1,0,0,0,CUST-47207,1,3397.145044940393
0,35,106.9,3756.45,0,0,1,1,1,0,0,1,0,0,1,0,0,0,1,0,1,0,1,0,1,0,0,1,0,1,0,CUST-62729,1,4116.008865323092
0,48,107.4,5121.3,1,0,0,0,1,0,1,1,0,0,0,0,1,0,1,0,0,0,1,0,1,0,0,1,0,0,0,CUST-48413,1,5009.622049353393
